{
"lengthUnit": "mil",
"remark": [],
"components": {
	"fields": ["COMPONENT_NO", "COMPONENT_NAME", "LAYER", "X_COORDINATE", "Y_COORDINATE", "ANGLE"],
	"rows": [
		[1, "H1", "T", 0, -787.4016, 0],
		[2, "R1", "T", -395, -420, 270],
		[3, "R2", "T", 395, -420, 90],
		[4, "U1", "T", 0, 345, 0],
		[5, "U2", "T", 260, -530, 90],
		[6, "PAD1", "T", -354.33, 745, 0],
		[7, "PAD2", "T", -354.33, 645, 0],
		[8, "PAD3", "T", -354.33, -55, 0],
		[9, "PAD4", "T", -300, 745, 0],
		[10, "PAD4", "B", -300, 745, 0],
		[11, "PAD5", "T", -300, 645, 0],
		[12, "PAD5", "B", -300, 645, 0],
		[13, "PAD6", "T", -300, -55, 0],
		[14, "PAD6", "B", -300, -55, 0],
		[15, "PAD7", "T", 210, -470, 0],
		[16, "PAD7", "B", 210, -470, 0],
		[17, "PAD8", "T", 210, -370, 0],
		[18, "PAD8", "B", 210, -370, 0],
		[19, "PAD9", "T", 210, -270, 0],
		[20, "PAD9", "B", 210, -270, 0],
		[21, "PAD10", "T", 395, -626.695, 0],
		[22, "PAD10", "B", 395, -626.695, 0],
		[23, "PAD11", "T", 395, -213.305, 0],
		[24, "PAD11", "B", 395, -213.305, 0],
		[25, "PAD12", "T", -395, -213.305, 0],
		[26, "PAD12", "B", -395, -213.305, 0],
		[27, "PAD13", "T", -395, -626.695, 0],
		[28, "PAD13", "B", -395, -626.695, 0],
		[29, "PAD14", "T", -150, -787.4016, 0],
		[30, "PAD14", "B", -150, -787.4016, 0],
		[31, "PAD15", "T", 50, -787.4016, 0],
		[32, "PAD15", "B", 50, -787.4016, 0],
		[33, "PAD16", "T", 150, -787.4016, 0],
		[34, "PAD16", "B", 150, -787.4016, 0]
	]
},
"pins": {
	"fields": ["PIN_NO", "PIN_NAME", "PIN_X", "PIN_Y", "LAYER", "PIN_TYPE", "NET_NAME", "NET_TYPE", "PAD_SHAPE", "PAD_SIZEX", "PAD_SIZEY", "HOLE_SIZE", "HOLE_LEN", "PAD_ANGLE"],
	"rows": [
		[1, "H1_1", -150, -787.4016, "T", "DIP", "$1N1573", "", "R", 66.929, 66.929, 43.308, 43.308, 0],
		[2, "H1_1", -150, -787.4016, "B", "DIP", "$1N1573", "", "R", 66.929, 66.929, 43.308, 43.308, 0],
		[3, "H1_2", -50, -787.4016, "T", "DIP", "NET_1", "", "C", 66.929, 66.929, 43.308, 43.308, 0],
		[4, "H1_2", -50, -787.4016, "B", "DIP", "NET_1", "", "C", 66.929, 66.929, 43.308, 43.308, 0],
		[5, "H1_3", 50, -787.4016, "T", "DIP", "$1N1608", "", "C", 66.929, 66.929, 43.308, 43.308, 0],
		[6, "H1_3", 50, -787.4016, "B", "DIP", "$1N1608", "", "C", 66.929, 66.929, 43.308, 43.308, 0],
		[7, "H1_4", 150, -787.4016, "T", "DIP", "$1N2465", "", "C", 66.929, 66.929, 43.308, 43.308, 0],
		[8, "H1_4", 150, -787.4016, "B", "DIP", "$1N2465", "", "C", 66.929, 66.929, 43.308, 43.308, 0],
		[9, "R1_1", -395, -213.305, "T", "DIP", "$1N1412", "", "C", 62.992, 62.992, 36, 36, 270],
		[10, "R1_1", -395, -213.305, "B", "DIP", "$1N1412", "", "C", 62.992, 62.992, 36, 36, 270],
		[11, "R1_2", -395, -626.695, "T", "DIP", "$1N2465", "", "C", 62.992, 62.992, 36, 36, 270],
		[12, "R1_2", -395, -626.695, "B", "DIP", "$1N2465", "", "C", 62.992, 62.992, 36, 36, 270],
		[13, "R2_1", 395, -626.695, "T", "DIP", "$1N1608", "", "C", 62.992, 62.992, 36, 36, 90],
		[14, "R2_1", 395, -626.695, "B", "DIP", "$1N1608", "", "C", 62.992, 62.992, 36, 36, 90],
		[15, "R2_2", 395, -213.305, "T", "DIP", "$1N1412", "", "C", 62.992, 62.992, 36, 36, 90],
		[16, "R2_2", 395, -213.305, "B", "DIP", "$1N1412", "", "C", 62.992, 62.992, 36, 36, 90],
		[17, "U1_1", -354.33, 745, "T", "SMD", "$1N2473", "", "R", 78.74, 59.055, 0, 0, 0],
		[18, "U1_1", -300, 745, "T", "DIP", "$1N2473", "", "C", 62.992, 62.992, 39.37, 39.37, 0],
		[19, "U1_1", -300, 745, "B", "DIP", "$1N2473", "", "C", 62.992, 62.992, 39.37, 39.37, 0],
		[20, "U1_2", -354.33, 645, "T", "SMD", "$1N2465", "", "R", 78.74, 59.055, 0, 0, 0],
		[21, "U1_2", -300, 645, "T", "DIP", "$1N2465", "", "C", 62.992, 62.992, 39.37, 39.37, 0],
		[22, "U1_2", -300, 645, "B", "DIP", "$1N2465", "", "C", 62.992, 62.992, 39.37, 39.37, 0],
		[23, "U1_3", -354.33, 545, "T", "SMD", "NET_2", "", "R", 78.74, 59.055, 0, 0, 0],
		[24, "U1_3", -300, 545, "T", "DIP", "NET_3", "", "C", 62.992, 62.992, 39.37, 39.37, 0],
		[25, "U1_3", -300, 545, "B", "DIP", "NET_3", "", "C", 62.992, 62.992, 39.37, 39.37, 0],
		[26, "U1_4", -354.33, 445, "T", "SMD", "NET_4", "", "R", 78.74, 59.055, 0, 0, 0],
		[27, "U1_4", -300, 445, "T", "DIP", "NET_5", "", "C", 62.992, 62.992, 39.37, 39.37, 0],
		[28, "U1_4", -300, 445, "B", "DIP", "NET_5", "", "C", 62.992, 62.992, 39.37, 39.37, 0],
		[29, "U1_5", -354.33, 345, "T", "SMD", "NET_6", "", "R", 78.74, 59.055, 0, 0, 0],
		[30, "U1_5", -300, 345, "T", "DIP", "NET_7", "", "C", 62.992, 62.992, 39.37, 39.37, 0],
		[31, "U1_5", -300, 345, "B", "DIP", "NET_7", "", "C", 62.992, 62.992, 39.37, 39.37, 0],
		[32, "U1_6", -354.33, 245, "T", "SMD", "NET_8", "", "R", 78.74, 59.055, 0, 0, 0],
		[33, "U1_6", -300, 245, "T", "DIP", "NET_9", "", "C", 62.992, 62.992, 39.37, 39.37, 0],
		[34, "U1_6", -300, 245, "B", "DIP", "NET_9", "", "C", 62.992, 62.992, 39.37, 39.37, 0],
		[35, "U1_7", -354.33, 145, "T", "SMD", "NET_10", "", "R", 78.74, 59.055, 0, 0, 0],
		[36, "U1_7", -300, 145, "T", "DIP", "NET_11", "", "C", 62.992, 62.992, 39.37, 39.37, 0],
		[37, "U1_7", -300, 145, "B", "DIP", "NET_11", "", "C", 62.992, 62.992, 39.37, 39.37, 0],
		[38, "U1_8", -354.33, 45, "T", "SMD", "NET_12", "", "R", 78.74, 59.055, 0, 0, 0],
		[39, "U1_8", -300, 45, "T", "DIP", "NET_13", "", "C", 62.992, 62.992, 39.37, 39.37, 0],
		[40, "U1_8", -300, 45, "B", "DIP", "NET_13", "", "C", 62.992, 62.992, 39.37, 39.37, 0],
		[41, "U1_9", -354.33, -55, "T", "SMD", "$1N1412", "", "R", 78.74, 59.055, 0, 0, 0],
		[42, "U1_9", -300, -55, "T", "DIP", "$1N1412", "", "C", 62.992, 62.992, 39.37, 39.37, 0],
		[43, "U1_9", -300, -55, "B", "DIP", "$1N1412", "", "C", 62.992, 62.992, 39.37, 39.37, 0],
		[44, "U1_10", 354.33, -55, "T", "SMD", "NET_14", "", "R", 78.74, 59.055, 0, 0, 0],
		[45, "U1_10", 300, -55, "T", "DIP", "NET_15", "", "C", 62.992, 62.992, 39.37, 39.37, 0],
		[46, "U1_10", 300, -55, "B", "DIP", "NET_15", "", "C", 62.992, 62.992, 39.37, 39.37, 0],
		[47, "U1_11", 354.33, 45, "T", "SMD", "NET_16", "", "R", 78.74, 59.055, 0, 0, 0],
		[48, "U1_11", 300, 45, "T", "DIP", "NET_17", "", "C", 62.992, 62.992, 39.37, 39.37, 0],
		[49, "U1_11", 300, 45, "B", "DIP", "NET_17", "", "C", 62.992, 62.992, 39.37, 39.37, 0],
		[50, "U1_12", 354.33, 145, "T", "SMD", "NET_18", "", "R", 78.74, 59.055, 0, 0, 0],
		[51, "U1_12", 300, 145, "T", "DIP", "NET_19", "", "C", 62.992, 62.992, 39.37, 39.37, 0],
		[52, "U1_12", 300, 145, "B", "DIP", "NET_19", "", "C", 62.992, 62.992, 39.37, 39.37, 0],
		[53, "U1_13", 354.33, 245, "T", "SMD", "NET_20", "", "R", 78.74, 59.055, 0, 0, 0],
		[54, "U1_13", 300, 245, "T", "DIP", "NET_21", "", "C", 62.992, 62.992, 39.37, 39.37, 0],
		[55, "U1_13", 300, 245, "B", "DIP", "NET_21", "", "C", 62.992, 62.992, 39.37, 39.37, 0],
		[56, "U1_14", 354.33, 345, "T", "SMD", "NET_22", "", "R", 78.74, 59.055, 0, 0, 0],
		[57, "U1_14", 300, 345, "T", "DIP", "NET_23", "", "C", 62.992, 62.992, 39.37, 39.37, 0],
		[58, "U1_14", 300, 345, "B", "DIP", "NET_23", "", "C", 62.992, 62.992, 39.37, 39.37, 0],
		[59, "U1_15", 354.33, 445, "T", "SMD", "NET_24", "", "R", 78.74, 59.055, 0, 0, 0],
		[60, "U1_15", 300, 445, "T", "DIP", "NET_25", "", "C", 62.992, 62.992, 39.37, 39.37, 0],
		[61, "U1_15", 300, 445, "B", "DIP", "NET_25", "", "C", 62.992, 62.992, 39.37, 39.37, 0],
		[62, "U1_16", 354.33, 545, "T", "SMD", "NET_26", "", "R", 78.74, 59.055, 0, 0, 0],
		[63, "U1_16", 300, 545, "T", "DIP", "NET_27", "", "C", 62.992, 62.992, 39.37, 39.37, 0],
		[64, "U1_16", 300, 545, "B", "DIP", "NET_27", "", "C", 62.992, 62.992, 39.37, 39.37, 0],
		[65, "U1_17", 354.33, 645, "T", "SMD", "NET_28", "", "R", 78.74, 59.055, 0, 0, 0],
		[66, "U1_17", 300, 645, "T", "DIP", "NET_29", "", "C", 62.992, 62.992, 39.37, 39.37, 0],
		[67, "U1_17", 300, 645, "B", "DIP", "NET_29", "", "C", 62.992, 62.992, 39.37, 39.37, 0],
		[68, "U1_18", 354.33, 745, "T", "SMD", "NET_30", "", "R", 78.74, 59.055, 0, 0, 0],
		[69, "U1_18", 300, 745, "T", "DIP", "NET_31", "", "C", 62.992, 62.992, 39.37, 39.37, 0],
		[70, "U1_18", 300, 745, "B", "DIP", "NET_31", "", "C", 62.992, 62.992, 39.37, 39.37, 0],
		[71, "U2_1", 210, -470, "T", "DIP", "$1N1573", "", "C", 60, 60, 36, 36, 90],
		[72, "U2_1", 210, -470, "B", "DIP", "$1N1573", "", "C", 60, 60, 36, 36, 90],
		[73, "U2_2", 210, -370, "T", "DIP", "$1N2465", "", "C", 60, 60, 36, 36, 90],
		[74, "U2_2", 210, -370, "B", "DIP", "$1N2465", "", "C", 60, 60, 36, 36, 90],
		[75, "U2_3", 210, -270, "T", "DIP", "$1N2473", "", "C", 60, 60, 36, 36, 90],
		[76, "U2_3", 210, -270, "B", "DIP", "$1N2473", "", "C", 60, 60, 36, 36, 90],
		[77, "PAD1_1", -354.33, 745, "T", "SMD", "$1N2473", "", "R", 78.74, 59.055, 0, 0, 0],
		[78, "PAD2_2", -354.33, 645, "T", "SMD", "$1N2465", "", "R", 78.74, 59.055, 0, 0, 0],
		[79, "PAD3_9", -354.33, -55, "T", "SMD", "$1N1412", "", "R", 78.74, 59.055, 0, 0, 0],
		[80, "PAD4_1", -300, 745, "T", "DIP", "$1N2473", "", "C", 62.992, 62.992, 39.37, 39.37, 0],
		[81, "PAD4_1", -300, 745, "B", "DIP", "$1N2473", "", "C", 62.992, 62.992, 39.37, 39.37, 0],
		[82, "PAD5_2", -300, 645, "T", "DIP", "$1N2465", "", "C", 62.992, 62.992, 39.37, 39.37, 0],
		[83, "PAD5_2", -300, 645, "B", "DIP", "$1N2465", "", "C", 62.992, 62.992, 39.37, 39.37, 0],
		[84, "PAD6_9", -300, -55, "T", "DIP", "$1N1412", "", "C", 62.992, 62.992, 39.37, 39.37, 0],
		[85, "PAD6_9", -300, -55, "B", "DIP", "$1N1412", "", "C", 62.992, 62.992, 39.37, 39.37, 0],
		[86, "PAD7_1", 210, -470, "T", "DIP", "$1N1573", "", "C", 60, 60, 36, 36, 90],
		[87, "PAD7_1", 210, -470, "B", "DIP", "$1N1573", "", "C", 60, 60, 36, 36, 90],
		[88, "PAD8_2", 210, -370, "T", "DIP", "$1N2465", "", "C", 60, 60, 36, 36, 90],
		[89, "PAD8_2", 210, -370, "B", "DIP", "$1N2465", "", "C", 60, 60, 36, 36, 90],
		[90, "PAD9_3", 210, -270, "T", "DIP", "$1N2473", "", "C", 60, 60, 36, 36, 90],
		[91, "PAD9_3", 210, -270, "B", "DIP", "$1N2473", "", "C", 60, 60, 36, 36, 90],
		[92, "PAD10_1", 395, -626.695, "T", "DIP", "$1N1608", "", "C", 62.992, 62.992, 36, 36, 90],
		[93, "PAD10_1", 395, -626.695, "B", "DIP", "$1N1608", "", "C", 62.992, 62.992, 36, 36, 90],
		[94, "PAD11_2", 395, -213.305, "T", "DIP", "$1N1412", "", "C", 62.992, 62.992, 36, 36, 90],
		[95, "PAD11_2", 395, -213.305, "B", "DIP", "$1N1412", "", "C", 62.992, 62.992, 36, 36, 90],
		[96, "PAD12_1", -395, -213.305, "T", "DIP", "$1N1412", "", "C", 62.992, 62.992, 36, 36, 270],
		[97, "PAD12_1", -395, -213.305, "B", "DIP", "$1N1412", "", "C", 62.992, 62.992, 36, 36, 270],
		[98, "PAD13_2", -395, -626.695, "T", "DIP", "$1N2465", "", "C", 62.992, 62.992, 36, 36, 270],
		[99, "PAD13_2", -395, -626.695, "B", "DIP", "$1N2465", "", "C", 62.992, 62.992, 36, 36, 270],
		[100, "PAD14_1", -150, -787.4016, "T", "DIP", "$1N1573", "", "R", 66.929, 66.929, 43.308, 43.308, 0],
		[101, "PAD14_1", -150, -787.4016, "B", "DIP", "$1N1573", "", "R", 66.929, 66.929, 43.308, 43.308, 0],
		[102, "PAD15_3", 50, -787.4016, "T", "DIP", "$1N1608", "", "C", 66.929, 66.929, 43.308, 43.308, 0],
		[103, "PAD15_3", 50, -787.4016, "B", "DIP", "$1N1608", "", "C", 66.929, 66.929, 43.308, 43.308, 0],
		[104, "PAD16_4", 150, -787.4016, "T", "DIP", "$1N2465", "", "C", 66.929, 66.929, 43.308, 43.308, 0],
		[105, "PAD16_4", 150, -787.4016, "B", "DIP", "$1N2465", "", "C", 66.929, 66.929, 43.308, 43.308, 0]
	]
}
}